ISBN;weight
043935806X;8.543013283256432
059035342X;8.528571421325015
0446310786;8.449307825141384
0679781587;8.36031140971436
0385504209;8.344051405209207
0142001740;8.329580669745338
0312195516;8.247014267720111
0316666343;8.124067499307
0446672211;8.11916244813219
0156027321;8.038325735133416
