ISBN;mean
3150000017;10.0
3426029553;10.0
0618002235;9.933333333333334
0439425220;9.857142857142858
0060256656;9.785714285714286
0836218221;9.727272727272727
0836220889;9.727272727272727
0140042520;9.666666666666666
006440188X;9.666666666666666
1573221112;9.666666666666666
